Major,Degree,Early-Career Pay,Mid-Career Pay,% High Meaning
Petroleum Engineering,Bachelors,"$92,300","$182,000% ",69%
Electrical Engineering & Computer Science (EECS),Bachelors,"$101,200","$152,300% ",46%
Applied Economics and Management,Bachelors,"$60,900","$139,600% ",67%
Operations Research,Bachelors,"$78,400","$139,600% ",52%
Public Accounting,Bachelors,"$60,000","$138,800% ",49%
Chemical Engineering/Materials Science & Engineering,Bachelors,"$74,500","$137,800% ",60%
Quantitative Business Analysis,Bachelors,"$67,900","$136,200% ",55%
Pharmacy,Bachelors,"$66,300","$133,200% ",79%
Aeronautics & Astronautics,Bachelors,"$74,000","$133,100% ",60%
Systems Engineering,Bachelors,"$74,000","$132,900% ",54%
Electrical Power Engineering,Bachelors,"$73,100","$130,700% ",67%
Actuarial Mathematics,Bachelors,"$61,900","$130,500% ",50%
Aerospace Studies,Bachelors,"$50,300","$130,300% ",-
Chemical Engineering,Bachelors,"$73,500","$128,900% ",56%
Actuarial Science,Bachelors,"$64,700","$128,700% ",42%
Information & Computer Science,Bachelors,"$70,300","$127,600% ",60%
Aeronautical Engineering,Bachelors,"$71,600","$125,900% ",64%
Operations & Information Systems Management,Bachelors,"$63,800","$125,100% ",31%
Political Economy,Bachelors,"$58,200","$125,100% ",34%
Marine Engineering,Bachelors,"$74,700","$125,000% ",64%
Computer Systems Engineering,Bachelors,"$74,600","$124,800% ",49%
Nuclear Engineering,Bachelors,"$73,100","$124,500% ",63%
Computer Science (CS) & Engineering,Bachelors,"$74,000","$124,000% ",44%
Corporate Accounting & Finance,Bachelors,"$61,200","$123,600% ",57%
Electrical & Computer Engineering (ECE),Bachelors,"$73,900","$123,300% ",49%
Computer Engineering (CE),Bachelors,"$74,600","$123,200% ",46%
Econometrics,Bachelors,"$60,700","$123,000% ",30%
Building Science,Bachelors,"$51,100","$122,500% ",51%
Mechatronics,Bachelors,"$70,200","$122,300% ",47%
Quantitative Economics,Bachelors,"$62,000","$121,900% ",45%
Foreign Affairs,Bachelors,"$52,200","$121,800% ",40%
Welding Engineering,Bachelors,"$76,900","$121,800% ",44%
Economics and Mathematics,Bachelors,"$65,000","$121,400% ",33%
Electrical Engineering (EE),Bachelors,"$71,800","$121,400% ",55%
Cognitive Science,Bachelors,"$64,100","$121,100% ",41%
Control Engineering,Bachelors,"$69,900","$121,100% ",63%
Geophysics,Bachelors,"$56,900","$120,600% ",46%
Pharmacology,Bachelors,"$55,000","$120,600% ",71%
Instrumentation & Control Engineering,Bachelors,"$69,000","$120,500% ",-
Computational & Applied Mathematics,Bachelors,"$69,700","$120,100% ",43%
Marine Transportation Management,Bachelors,"$67,800","$120,100% ",47%
Aerospace Engineering,Bachelors,"$70,700","$119,800% ",57%
Ocean Engineering (OE),Bachelors,"$65,100","$119,700% ",51%
Astronomy,Bachelors,"$54,300","$119,600% ",39%
Mechanical & Aeronautical Engineering,Bachelors,"$66,900","$119,600% ",60%
Chemical & Biomolecular Engineering,Bachelors,"$74,000","$118,700% ",48%
Computer Science (CS) & Mathematics,Bachelors,"$66,800","$118,500% ",43%
Bioscience,Bachelors,"$48,400","$118,300% ",-
Electrical & Electronics Engineering (EEE),Bachelors,"$71,300","$118,100% ",55%
Metallurgical Engineering,Bachelors,"$79,100","$117,700% ",55%
Aeronautical/Aerospace Engineering Technology,Bachelors,"$73,400","$117,500% ",58%
Materials Engineering,Bachelors,"$69,100","$117,500% ",48%
Accounting & Economics,Bachelors,"$61,600","$117,400% ",43%
Industrial & Systems Engineering,Bachelors,"$69,900","$117,300% ",49%
Optical Science & Engineering,Bachelors,"$67,600","$117,100% ",65%
Computer Science (CS),Bachelors,"$70,700","$116,500% ",42%
Biomedical Engineering (BME),Bachelors,"$67,700","$116,300% ",72%
Materials Science,Bachelors,"$62,700","$116,200% ",-
Electronics & Communications Engineering,Bachelors,"$61,500","$116,100% ",55%
Mining Engineering,Bachelors,"$75,200","$116,100% ",70%
Engineering,Bachelors,"$66,500","$116,000% ",59%
Applied Mathematics,Bachelors,"$64,400","$115,500% ",39%
Integrated Science & Technology,Bachelors,"$62,500","$115,500% ",56%
Petroleum Land Management,Bachelors,"$60,600","$115,400% ",70%
Bioengineering (BioE),Bachelors,"$67,400","$115,000% ",67%
Software Engineering,Bachelors,"$71,100","$114,700% ",42%
Operations Management & Information Systems,Bachelors,"$61,900","$114,500% ",39%
Statistics,Bachelors,"$63,700","$114,400% ",42%
Business Analysis,Bachelors,"$59,200","$114,300% ",49%
Computer & Information Science,Bachelors,"$60,100","$114,300% ",55%
Physics,Bachelors,"$62,300","$113,800% ",49%
Physics & Mathematics,Bachelors,"$61,500","$113,600% ",47%
Physics & Astronomy,Bachelors,"$54,000","$112,900% ",43%
Construction Engineering Management,Bachelors,"$64,800","$112,700% ",55%
Physician Assistant Studies,Bachelors,"$92,900","$112,200% ",86%
Mechanical Engineering (ME),Bachelors,"$67,600","$111,500% ",51%
Industrial Engineering (IE),Bachelors,"$68,300","$111,400% ",45%
Entrepreneurship & Marketing,Bachelors,"$48,500","$111,100% ",49%
Engineering Science,Bachelors,"$64,700","$111,100% ",45%
International Business & Finance,Bachelors,"$57,700","$111,100% ",42%
Materials Science & Engineering,Bachelors,"$69,200","$111,100% ",47%
Ceramic Engineering,Bachelors,"$66,300","$110,900% ",45%
International Economics,Bachelors,"$54,600","$110,900% ",49%
Information & Decision Sciences,Bachelors,"$60,600","$110,800% ",37%
Finance & Marketing,Bachelors,"$53,400","$110,700% ",45%
Telecommunications Engineering,Bachelors,"$59,800","$110,600% ",43%
Business & Economics,Bachelors,"$56,800","$110,500% ",44%
Mathematics & Statistics,Bachelors,"$59,800","$110,000% ",42%
Paper Science,Bachelors,"$72,400","$109,900% ",38%
Electronics Engineering,Bachelors,"$67,600","$109,700% ",61%
Engineering Physics,Bachelors,"$66,700","$109,700% ",48%
Industrial Distribution,Bachelors,"$60,700","$109,700% ",49%
Economics,Bachelors,"$58,200","$109,400% ",41%
Energy Management,Bachelors,"$64,000","$109,200% ",66%
Structural Engineering (SE),Bachelors,"$64,300","$109,200% ",66%
Managerial Economics,Bachelors,"$61,500","$109,100% ",41%
Automotive Engineering,Bachelors,"$60,500","$108,700% ",-
Business & Information Technology (IT),Bachelors,"$58,200","$108,700% ",46%
Japanese Language,Bachelors,"$50,000","$108,700% ",41%
Japanese Studies,Bachelors,"$49,200","$108,500% ",22%
Finance & Economics,Bachelors,"$59,800","$108,100% ",42%
Management Information Systems (MIS),Bachelors,"$61,200","$107,800% ",43%
Pharmaceutical Sciences (PS),Bachelors,"$50,200","$107,700% ",69%
Mechanical,Bachelors,"$66,800","$107,600% ",55%
Applied Physics,Bachelors,"$63,800","$107,500% ",56%
Information Management,Bachelors,"$61,300","$107,500% ",42%
Aeronautical Science & Engineering,Bachelors,"$54,300","$107,100% ",63%
Construction Project Management,Bachelors,"$57,400","$107,000% ",59%
Packaging Science,Bachelors,"$66,800","$107,000% ",37%
Industrial Engineering & Management,Bachelors,"$63,200","$106,900% ",57%
Asian Studies,Bachelors,"$44,000","$106,400% ",39%
Management Science,Bachelors,"$60,500","$106,400% ",41%
Accounting & Taxation,Bachelors,"$53,300","$105,700% ",43%
Manufacturing Engineering,Bachelors,"$65,800","$105,600% ",48%
Astrophysics,Bachelors,"$64,100","$105,400% ",65%
Engineering Management,Bachelors,"$65,800","$105,200% ",55%
Business Economics,Bachelors,"$54,900","$105,100% ",42%
Information Sciences and Technology,Bachelors,"$60,700","$105,100% ",40%
Information Systems Management,Bachelors,"$57,600","$104,800% ",44%
Finance & Investments,Bachelors,"$60,500","$104,400% ",41%
Environmental Health & Safety Management,Bachelors,"$58,300","$104,200% ",64%
Rhetoric,Bachelors,"$49,400","$104,200% ",46%
Strategic Management,Bachelors,"$62,800","$104,200% ",45%
Robotics & Automation,Bachelors,"$66,500","$104,100% ",-
Building Construction (BC),Bachelors,"$63,600","$104,000% ",52%
Accounting & Computer Systems,Bachelors,"$60,200","$103,800% ",42%
Construction Science,Bachelors,"$64,000","$103,800% ",63%
Polymer Science & Engineering,Bachelors,"$69,200","$103,700% ",27%
Computing,Bachelors,"$59,800","$103,500% ",50%
Information Security & Assurance,Bachelors,"$60,600","$103,500% ",41%
Civil Engineering (CE),Bachelors,"$61,700","$103,500% ",65%
Mathematics,Bachelors,"$59,600","$103,400% ",45%
Government,Bachelors,"$52,200","$103,400% ",49%
Biochemistry & Molecular Biology,Bachelors,"$50,500","$103,300% ",70%
Information Technology Management,Bachelors,"$59,300","$103,300% ",48%
Finance & Real Estate,Bachelors,"$58,600","$103,200% ",45%
Construction Engineering,Bachelors,"$64,500","$103,100% ",57%
Business Logistics & Transportation,Bachelors,"$54,900","$102,900% ",48%
Construction Management,Bachelors,"$59,700","$102,900% ",58%
Aeronautical Science,Bachelors,"$55,300","$102,800% ",57%
Computer Management Information Systems (CMIS),Bachelors,"$54,300","$102,600% ",46%
Software Applications & Programming,Bachelors,"$56,400","$102,500% ",37%
Financial Economics,Bachelors,"$60,600","$102,300% ",44%
Marketing & International Business,Bachelors,"$49,700","$102,200% ",35%
Informatics,Bachelors,"$66,200","$101,900% ",41%
Medicine,Bachelors,"$75,500","$101,900% ",84%
Civil & Environmental Engineering,Bachelors,"$61,800","$101,800% ",67%
Atmospheric Science,Bachelors,"$47,300","$101,600% ",55%
Environmental Engineering,Bachelors,"$59,500","$101,300% ",64%
European Studies,Bachelors,"$45,200","$101,200% ",47%
Nuclear Engineering Technology (NET),Bachelors,"$78,200","$101,200% ",60%
Industrial Management,Bachelors,"$55,100","$101,000% ",55%
Information Systems (IS),Bachelors,"$59,900","$101,000% ",45%
Sales & Business Marketing,Bachelors,"$52,600","$100,800% ",49%
Business Computer Information Systems (BCIS),Bachelors,"$60,200","$100,700% ",36%
Organic Chemistry,Bachelors,"$46,000","$100,700% ",-
Business Operations,Bachelors,"$60,500","$100,600% ",-
Business Computer Science,Bachelors,"$50,200","$100,500% ",-
Business Finance,Bachelors,"$54,600","$100,300% ",43%
Safety Science,Bachelors,"$58,800","$100,300% ",-
Plastics Engineering Technology,Bachelors,"$63,800","$100,200% ",31%
Business Information Systems,Bachelors,"$61,700","$100,100% ",44%
International Management,Bachelors,"$49,300","$99,900% ",52%
Finance,Bachelors,"$56,800","$99,800% ",41%
Agricultural Economics,Bachelors,"$53,000","$99,700% ",59%
Economics & Political Science,Bachelors,"$54,200","$99,400% ",50%
Interactive Media,Bachelors,"$50,200","$99,400% ",32%
Computer Science & Information Technology,Bachelors,"$63,100","$99,100% ",49%
Agricultural Engineering (AE),Bachelors,"$60,400","$99,000% ",61%
Consumer Economics,Bachelors,"$51,200","$99,000% ",38%
International Business,Bachelors,"$52,100","$98,900% ",40%
Chinese Language,Bachelors,"$51,200","$98,700% ",47%
Financial Planning,Bachelors,"$50,400","$98,700% ",57%
Corporate Finance,Bachelors,"$61,000","$98,500% ",43%
Architectural Engineering,Bachelors,"$62,400","$98,400% ",58%
Building Construction Management,Bachelors,"$58,600","$98,000% ",59%
Engineering Technology (ET),Bachelors,"$55,300","$97,900% ",50%
Network Engineering,Bachelors,"$57,900","$97,900% ",46%
Computer Information Systems (CIS),Bachelors,"$56,900","$97,800% ",45%
International Marketing,Bachelors,"$56,200","$97,800% ",18%
Psychobiology,Bachelors,"$45,400","$97,800% ",64%
Electrical Engineering Technology (EET),Bachelors,"$63,100","$97,700% ",48%
Computer Information Systems,Bachelors,"$55,700","$97,700% ",43%
Real Estate,Bachelors,"$56,400","$97,700% ",38%
Molecular Biology,Bachelors,"$50,500","$97,700% ",70%
Operations Management (OM),Bachelors,"$58,000","$97,300% ",43%
Cybersecurity,Bachelors,"$63,000","$97,200% ",55%
Manufacturing,Bachelors,"$54,100","$97,200% ",56%
Construction Trades,Bachelors,"$56,300","$97,100% ",57%
International Relations,Bachelors,"$49,900","$96,800% ",49%
Politics,Bachelors,"$50,600","$96,800% ",53%
Economics & Management,Bachelors,"$52,700","$96,600% ",-
Industrial Hygiene,Bachelors,"$55,800","$96,200% ",55%
Software Development,Bachelors,"$61,000","$96,000% ",44%
Telecommunications Management,Bachelors,"$49,800","$96,000% ",46%
Supply Chain Management,Bachelors,"$59,000","$95,900% ",41%
Mechanical Engineering Technology (MET),Bachelors,"$61,200","$95,800% ",48%
Accounting & Auditing,Bachelors,"$55,400","$95,700% ",42%
Network Security,Bachelors,"$57,500","$95,700% ",47%
Entrepreneurship & Leadership,Bachelors,"$52,300","$95,600% ",46%
Geological Engineering,Bachelors,"$59,100","$95,600% ",57%
Product Design,Bachelors,"$58,600","$95,500% ",40%
Electronics,Bachelors,"$57,000","$95,400% ",61%
Food Marketing,Bachelors,"$54,500","$95,400% ",25%
Safety Management,Bachelors,"$57,400","$95,400% ",70%
German Studies,Bachelors,"$47,400","$95,300% ",43%
Industrial & Labor Relations,Bachelors,"$63,800","$95,300% ",51%
Agricultural Economics & Business,Bachelors,"$51,400","$95,200% ",55%
Aviation Management,Bachelors,"$48,400","$95,200% ",53%
Biochemistry (BCH),Bachelors,"$47,500","$95,100% ",60%
Computer Science (CS) & Business,Bachelors,"$60,800","$95,000% ",40%
Construction Science & Management,Bachelors,"$61,500","$95,000% ",68%
Accounting & Finance,Bachelors,"$55,800","$94,900% ",45%
Comparative Literature,Bachelors,"$44,600","$94,900% ",45%
International & Comparative Politics,Bachelors,"$46,100","$94,900% ",49%
East Asian Studies,Bachelors,"$46,900","$94,800% ",43%
Logistics & Supply Chain Management,Bachelors,"$56,200","$94,400% ",46%
Russian & Eastern European Studies,Bachelors,"$50,800","$94,400% ",-
Occupational Health and Safety,Bachelors,"$57,100","$94,300% ",68%
Aviation,Bachelors,"$50,000","$94,000% ",42%
Manufacturing Technology,Bachelors,"$57,100","$94,000% ",45%
Physical Therapy,Bachelors,"$53,500","$93,900% ",90%
Labor Relations,Bachelors,"$48,900","$93,900% ",39%
Government & International Politics (GVIP),Bachelors,"$49,800","$93,800% ",46%
Information Technology (IT),Bachelors,"$56,100","$93,800% ",45%
City & Regional Planning,Bachelors,"$49,700","$93,700% ",70%
Information Science (IS),Bachelors,"$62,600","$93,700% ",38%
Business & Marketing,Bachelors,"$47,800","$93,600% ",44%
Agribusiness,Bachelors,"$48,000","$93,400% ",53%
Management Studies,Bachelors,"$43,500","$93,400% ",73%
Industrial Design (ID),Bachelors,"$52,100","$93,100% ",41%
Chemistry,Bachelors,"$49,200","$93,000% ",55%
Information Technology (IT) & Systems,Bachelors,"$58,600","$93,000% ",47%
Environmental Health & Safety,Bachelors,"$54,500","$93,000% ",67%
Electronics Engineering Technology (EET),Bachelors,"$61,600","$92,900% ",53%
Organizational Behavior,Bachelors,"$54,000","$92,900% ",49%
Analytical Chemistry,Bachelors,"$54,800","$92,800% ",69%
Computer Engineering Technology (CET),Bachelors,"$60,100","$92,800% ",48%
Food Science & Technology,Bachelors,"$50,200","$92,800% ",49%
Project Management,Bachelors,"$54,100","$92,700% ",54%
Technical & Scientific Communication,Bachelors,"$48,900","$92,400% ",40%
Finance & Banking,Bachelors,"$52,600","$92,300% ",51%
Hotel Administration,Bachelors,"$61,500","$92,100% ",43%
Mechanical Design,Bachelors,"$57,700","$92,100% ",49%
Biomedical Sciences,Bachelors,"$41,200","$92,000% ",70%
International Trade & Business,Bachelors,"$52,300","$91,900% ",28%
Commerce Economics,Bachelors,"$51,200","$91,800% ",31%
Latin American Studies,Bachelors,"$44,300","$91,700% ",63%
Structural Design & Construction Engineering Technology,Bachelors,"$66,500","$91,700% ",46%
Civil Engineering Technology (CET),Bachelors,"$55,600","$91,700% ",62%
Government & Politics,Bachelors,"$50,000","$91,500% ",49%
Aviation Flight Science (AFL),Bachelors,"$49,900","$91,400% ",45%
Business & Finance,Bachelors,"$52,800","$91,400% ",49%
Marketing,Bachelors,"$49,200","$91,400% ",39%
Applied Statistics,Bachelors,"$62,000","$91,300% ",46%
Biopsychology,Bachelors,"$50,200","$91,300% ",73%
Industrial Technology (IT),Bachelors,"$57,800","$91,300% ",51%
Manufacturing Engineering Technology,Bachelors,"$61,500","$91,300% ",52%
Music Production & Engineering,Bachelors,"$42,100","$91,100% ",50%
Networks & Telecommunications,Bachelors,"$52,900","$91,100% ",57%
Chemistry & Environmental Science,Bachelors,"$46,000","$91,000% ",67%
Microbiology & Immunology,Bachelors,"$51,500","$91,000% ",68%
Accounts,Bachelors,"$57,000","$90,900% ",42%
Risk Management,Bachelors,"$59,600","$90,900% ",33%
Environmental Science & Policy,Bachelors,"$47,300","$90,700% ",60%
Dairy Science,Bachelors,"$49,500","$90,600% ",72%
Sales & Marketing,Bachelors,"$48,500","$90,600% ",44%
Welding Engineering Technology,Bachelors,"$72,000","$90,400% ",45%
Industrial Psychology,Bachelors,"$47,000","$90,200% ",49%
Marketing & Management,Bachelors,"$47,200","$90,200% ",44%
Transportation & Logistics Management,Bachelors,"$52,700","$90,200% ",47%
Marketing Management,Bachelors,"$48,300","$90,100% ",43%
Watershed Hydrology & Management,Bachelors,"$45,500","$90,100% ",49%
Electromechanical Engineering,Bachelors,"$67,100","$90,000% ",54%
Transportation,Bachelors,"$59,100","$90,000% ",50%
Advertising Design,Bachelors,"$49,300","$89,700% ",29%
Management & Finance,Bachelors,"$52,500","$89,700% ",53%
Risk Management & Insurance,Bachelors,"$56,300","$89,700% ",44%
Geology,Bachelors,"$48,200","$89,600% ",55%
Information Assurance,Bachelors,"$55,600","$89,500% ",58%
Political Science,Bachelors,"$47,900","$89,500% ",48%
Philosophy,Bachelors,"$48,700","$89,400% ",41%
Radiation Therapy,Bachelors,"$65,600","$89,400% ",91%
Cell Biology,Bachelors,"$48,200","$89,300% ",61%
French Literature,Bachelors,"$44,200","$89,300% ",50%
Web Design & Development,Bachelors,"$50,600","$89,300% ",46%
Meteorology,Bachelors,"$44,500","$89,300% ",60%
Biological Sciences,Bachelors,"$46,200","$89,200% ",65%
Occupational Therapy (OT),Bachelors,"$55,100","$89,200% ",90%
Environmental Policy Analysis & Planning,Bachelors,"$47,200","$89,100% ",62%
Entrepreneurial Studies,Bachelors,"$46,700","$88,900% ",35%
Financial Accounting,Bachelors,"$53,400","$88,900% ",51%
Political Science/Public Law,Bachelors,"$43,900","$88,900% ",61%
Quality Management,Bachelors,"$53,400","$88,900% ",64%
Aeronautics,Bachelors,"$59,100","$88,800% ",65%
Applied Computer Science,Bachelors,"$62,900","$88,800% ",48%
Accounting,Bachelors,"$51,700","$88,700% ",42%
Broadcasting Technology,Bachelors,"$40,000","$88,700% ",-
Food Science,Bachelors,"$49,900","$88,700% ",46%
Marketing & Communications,Bachelors,"$46,600","$88,700% ",43%
Urban Planning,Bachelors,"$48,100","$88,500% ",54%
Manufacturing Management,Bachelors,"$60,400","$88,500% ",49%
Insurance,Bachelors,"$53,000","$88,400% ",42%
Business Data Analysis,Bachelors,"$60,400","$88,300% ",38%
Environmental Design,Bachelors,"$45,400","$88,300% ",55%
Advertising,Bachelors,"$44,800","$88,200% ",33%
Cinema Studies,Bachelors,"$45,400","$88,200% ",32%
Financial Management,Bachelors,"$51,000","$88,200% ",51%
Advertising & Marketing Communications,Bachelors,"$46,000","$88,100% ",36%
Operations & Supply Chain Management,Bachelors,"$57,800","$88,100% ",44%
Computer Information Management,Bachelors,"$46,800","$88,000% ",62%
Global & International Studies,Bachelors,"$45,900","$87,800% ",49%
Computing & Information Systems (CIS),Bachelors,"$50,800","$87,800% ",42%
Architecture,Bachelors,"$48,300","$87,800% ",55%
Environmental & Natural Resource Economics,Bachelors,"$49,100","$87,600% ",60%
Labor Studies,Bachelors,"$44,100","$87,500% ",49%
Aviation Technology,Bachelors,"$52,600","$87,400% ",52%
Social Ecology,Bachelors,"$46,700","$87,400% ",60%
Classics,Bachelors,"$45,000","$87,300% ",39%
Marketing Communication,Bachelors,"$43,600","$87,300% ",40%
Geographic Information Systems (GIS) & Spatial Analysis,Bachelors,"$51,700","$87,200% ",56%
Organizational Psychology,Bachelors,"$48,300","$87,200% ",45%
European History,Bachelors,"$49,700","$87,100% ",50%
Urban & Regional Planning,Bachelors,"$47,500","$87,000% ",59%
Real Estate Development,Bachelors,"$54,400","$86,800% ",-
Applied Technology,Bachelors,"$52,900","$86,700% ",60%
Entomology,Bachelors,"$44,000","$86,700% ",-
Architectural Engineering Technology,Bachelors,"$49,900","$86,600% ",59%
Public Affairs,Bachelors,"$49,700","$86,600% ",53%
Entrepreneurship,Bachelors,"$51,400","$86,500% ",45%
Business Management & Marketing,Bachelors,"$45,800","$86,400% ",47%
Digital Arts,Bachelors,"$43,200","$86,300% ",32%
Industrial Safety,Bachelors,"$53,200","$86,200% ",78%
Logistics,Bachelors,"$54,800","$86,200% ",37%
Hotel Management,Bachelors,"$44,500","$86,100% ",44%
Cell & Molecular Biology,Bachelors,"$48,900","$86,000% ",66%
Global Business Management,Bachelors,"$53,200","$86,000% ",51%
Technical Management,Bachelors,"$57,800","$85,900% ",65%
Computer & Network Administration,Bachelors,"$54,100","$85,900% ",47%
Police Science,Bachelors,"$53,400","$85,800% ",-
Pre-law,Bachelors,"$44,700","$85,800% ",46%
Business Communication,Bachelors,"$47,600","$85,600% ",47%
Microbiology,Bachelors,"$46,200","$85,600% ",68%
Professional Aeronautics,Bachelors,"$57,700","$85,600% ",68%
Advertising & Promotion,Bachelors,"$42,400","$85,500% ",45%
Network Systems Administration,Bachelors,"$53,500","$85,400% ",50%
Construction Technology,Bachelors,"$55,500","$85,300% ",47%
Electronic & Computer Technology,Bachelors,"$61,300","$85,000% ",-
Marketing & Advertising,Bachelors,"$47,200","$85,000% ",53%
Electronic Systems Technology (EST),Bachelors,"$61,800","$84,900% ",-
International Studies,Bachelors,"$47,500","$84,800% ",51%
Construction Engineering Technology,Bachelors,"$53,000","$84,700% ",57%
Applied Science,Bachelors,"$44,100","$84,600% ",56%
Accounting Information Systems,Bachelors,"$60,000","$84,500% ",51%
Environmental Health,Bachelors,"$48,100","$84,500% ",72%
Technology,Bachelors,"$53,400","$84,500% ",64%
Biosystems Engineering,Bachelors,"$62,000","$84,200% ",75%
Fashion Design,Bachelors,"$44,800","$84,100% ",26%
Agribusiness Management,Bachelors,"$47,600","$84,000% ",46%
German Language,Bachelors,"$48,200","$84,000% ",41%
Professional Pilot Education,Bachelors,"$59,800","$83,900% ",-
Textile Technology,Bachelors,"$51,500","$83,900% ",31%
Manufacturing Systems,Bachelors,"$71,700","$83,600% ",-
Diagnostic Medical Ultrasound,Bachelors,"$60,800","$83,500% ",70%
Marketing & Mass Communications,Bachelors,"$41,800","$83,500% ",40%
General Business,Bachelors,"$47,600","$83,400% ",52%
Computer Graphics Technology (CGT),Bachelors,"$46,800","$83,400% ",40%
Agricultural Systems Technology,Bachelors,"$54,000","$83,300% ",58%
Health Care,Bachelors,"$41,700","$83,300% ",71%
Hospital Administration,Bachelors,"$49,600","$83,300% ",53%
Personal Financial Planning,Bachelors,"$51,200","$83,300% ",59%
Business Technology Management,Bachelors,"$52,900","$83,200% ",48%
Health Policy & Administration,Bachelors,"$48,300","$83,100% ",65%
Math & Science,Bachelors,"$54,400","$82,900% ",62%
Architectural Design,Bachelors,"$46,000","$82,800% ",59%
Environmental Science,Bachelors,"$46,500","$82,800% ",60%
Advertising & Marketing,Bachelors,"$46,300","$82,700% ",38%
Animation,Bachelors,"$43,100","$82,700% ",36%
General Science,Bachelors,"$46,900","$82,600% ",62%
Biology & Chemistry,Bachelors,"$46,700","$82,500% ",66%
American Studies,Bachelors,"$49,000","$82,400% ",50%
Product Design Engineering,Bachelors,"$61,500","$82,400% ",39%
Aviation Maintenance Technology,Bachelors,"$49,800","$82,300% ",58%
Film Studies,Bachelors,"$42,500","$82,300% ",40%
Magazine Journalism,Bachelors,"$44,500","$82,300% ",26%
Web & Digital Media Development,Bachelors,"$48,400","$82,200% ",34%
Digital Media Design,Bachelors,"$45,200","$82,000% ",36%
English Literature,Bachelors,"$45,400","$82,000% ",45%
History & Politics,Bachelors,"$47,200","$82,000% ",49%
Human Biology,Bachelors,"$48,400","$82,000% ",68%
Business Management & Human Resources Management (HRM),Bachelors,"$44,700","$81,900% ",58%
Architectural Technology,Bachelors,"$44,700","$81,900% ",56%
Design,Bachelors,"$49,400","$81,900% ",41%
Philosophy & Religion,Bachelors,"$41,800","$81,900% ",55%
Physiology,Bachelors,"$46,900","$81,900% ",62%
Business Administration,Bachelors,"$49,700","$81,700% ",50%
French Studies,Bachelors,"$49,500","$81,700% ",53%
Land Surveying,Bachelors,"$48,700","$81,700% ",56%
Management,Bachelors,"$49,000","$81,600% ",48%
Geographic Information Systems (GIS),Bachelors,"$47,100","$81,500% ",53%
Interactive Media Design,Bachelors,"$51,800","$81,500% ",40%
Architectural Studies,Bachelors,"$43,100","$81,400% ",42%
Business Administration & Accounting,Bachelors,"$50,300","$81,300% ",53%
Industrial Arts,Bachelors,"$46,500","$81,300% ",65%
Textile Design,Bachelors,"$47,400","$81,200% ",40%
Textile & Apparel Studies,Bachelors,"$43,800","$81,100% ",28%
Accounting & Management,Bachelors,"$49,700","$81,000% ",53%
Nursing Science,Bachelors,"$63,700","$80,900% ",84%
Business Management,Bachelors,"$48,800","$80,800% ",50%
Linguistics,Bachelors,"$49,300","$80,800% ",45%
Agronomy,Bachelors,"$49,100","$80,700% ",64%
Corporate Communications,Bachelors,"$45,300","$80,700% ",41%
Neuroscience,Bachelors,"$47,800","$80,700% ",59%
Communication Studies & Journalism,Bachelors,"$42,500","$80,600% ",49%
Sociology & Organizational Studies,Bachelors,"$48,200","$80,500% ",54%
Nursing,Bachelors,"$61,700","$80,400% ",84%
Toxicology,Bachelors,"$43,800","$80,300% ",-
History,Bachelors,"$45,300","$80,300% ",46%
Agricultural Science,Bachelors,"$46,900","$80,300% ",57%
Biology,Bachelors,"$44,500","$80,200% ",65%
Crop Science,Bachelors,"$45,200","$80,200% ",67%
French Language,Bachelors,"$46,600","$80,200% ",48%
Environmental Studies,Bachelors,"$45,900","$80,100% ",59%
Management (MGT),Bachelors,"$44,800","$80,100% ",57%
Communication,Bachelors,"$45,300","$79,900% ",45%
General & Strategic Management,Bachelors,"$48,900","$79,800% ",53%
Merchandising Management,Bachelors,"$44,200","$79,800% ",35%
Dental Hygiene,Bachelors,"$70,400","$79,600% ",79%
Hydrology,Bachelors,"$45,300","$79,600% ",-
Global Business,Bachelors,"$53,200","$79,500% ",37%
Retail & Consumer Science,Bachelors,"$48,500","$79,500% ",34%
Literature,Bachelors,"$44,400","$79,500% ",44%
Emergency Management,Bachelors,"$49,600","$79,400% ",78%
Interpersonal & Organizational Communication,Bachelors,"$40,300","$79,400% ",56%
Nuclear Medicine,Bachelors,"$57,800","$79,400% ",84%
History & Political Science,Bachelors,"$48,400","$79,300% ",51%
Retail Merchandising,Bachelors,"$48,000","$79,200% ",33%
Agriculture,Bachelors,"$45,300","$79,100% ",61%
Environmental Management,Bachelors,"$47,300","$79,100% ",61%
Professional & Technical Writing,Bachelors,"$46,000","$79,100% ",46%
International Development Studies,Bachelors,"$45,500","$79,000% ",64%
Workforce Education & Development,Bachelors,"$57,100","$79,000% ",74%
Journalism & Mass Communication,Bachelors,"$43,700","$79,000% ",45%
Pre-Medicine,Bachelors,"$48,400","$78,900% ",65%
Bachelor in Science Nursing,Bachelors,"$61,000","$78,800% ",81%
Network Technology,Bachelors,"$54,900","$78,800% ",57%
Theatre & Drama Studies,Bachelors,"$41,500","$78,600% ",49%
Law,Bachelors,"$51,900","$78,500% ",51%
Law Enforcement,Bachelors,"$43,800","$78,400% ",57%
Printing Technology,Bachelors,"$43,800","$78,400% ",-
Public Relations & Communication,Bachelors,"$43,600","$78,400% ",46%
Foreign Languages,Bachelors,"$47,800","$78,300% ",57%
Interior Architecture,Bachelors,"$45,100","$78,300% ",47%
Marine Science,Bachelors,"$44,000","$78,300% ",58%
Public Management,Bachelors,"$47,800","$78,300% ",60%
Web Development,Bachelors,"$54,100","$78,300% ",53%
Journalism,Bachelors,"$43,500","$78,200% ",45%
Landscape Architecture,Bachelors,"$49,000","$78,200% ",67%
Environmental Geography,Bachelors,"$47,100","$78,200% ",52%
Bachelor of Science in Nursing,Bachelors,"$60,700","$78,100% ",83%
Digital Media,Bachelors,"$44,500","$78,000% ",39%
Welding Technology,Bachelors,"$46,100","$78,000% ",-
Nutrition Science,Bachelors,"$45,900","$77,800% ",67%
Accounting & Business,Bachelors,"$49,400","$77,600% ",49%
Diagnostic Medical Sonography,Bachelors,"$62,200","$77,600% ",85%
American History (United States),Bachelors,"$47,800","$77,500% ",55%
Strategic Communication,Bachelors,"$44,600","$77,500% ",42%
Public Relations (PR),Bachelors,"$43,000","$77,400% ",43%
Natural Sciences,Bachelors,"$41,700","$77,300% ",51%
International Affairs,Bachelors,"$49,100","$77,200% ",53%
Drama,Bachelors,"$43,900","$77,200% ",46%
Network Administration,Bachelors,"$46,900","$77,200% ",55%
Media Studies,Bachelors,"$48,300","$77,100% ",36%
Organizational Development,Bachelors,"$51,600","$77,000% ",52%
Writing,Bachelors,"$41,800","$77,000% ",43%
Integrated Marketing Communications,Bachelors,"$44,600","$76,900% ",34%
Crisis & Emergency Management,Bachelors,"$46,600","$76,800% ",77%
Organizational Communication,Bachelors,"$44,000","$76,800% ",49%
Retailing,Bachelors,"$48,900","$76,800% ",27%
Speech Communication,Bachelors,"$43,900","$76,800% ",55%
Allied Health,Bachelors,"$41,800","$76,700% ",79%
Environmental Biology,Bachelors,"$43,000","$76,700% ",66%
Nuclear Medicine Technology,Bachelors,"$58,900","$76,700% ",81%
Apparel & Textile Manufacture,Bachelors,"$45,700","$76,600% ",36%
Technology Management,Bachelors,"$53,900","$76,500% ",45%
Film Production,Bachelors,"$42,700","$76,400% ",32%
Security Management,Bachelors,"$44,800","$76,400% ",-
Acting,Bachelors,"$42,200","$76,200% ",48%
Broadcast & Cinematic Arts,Bachelors,"$41,900","$76,200% ",41%
Business Management & Administration,Bachelors,"$48,600","$76,200% ",53%
Marine Biology,Bachelors,"$40,800","$76,200% ",61%
Professional Studies,Bachelors,"$42,100","$76,200% ",64%
Romance Languages,Bachelors,"$50,300","$76,200% ",54%
Computer Animation,Bachelors,"$44,500","$76,100% ",31%
Cytotechnology,Bachelors,"$58,100","$76,000% ",90%
Broadcast Journalism,Bachelors,"$41,100","$76,000% ",49%
Geography,Bachelors,"$46,900","$76,000% ",52%
Journalism & Electronic Media,Bachelors,"$42,100","$75,900% ",50%
Automotive Technology,Bachelors,"$45,800","$75,800% ",46%
Interpersonal Communications,Bachelors,"$43,100","$75,800% ",48%
Law & Society,Bachelors,"$44,400","$75,700% ",50%
Agricultural Business,Bachelors,"$50,300","$75,600% ",50%
Ancient History,Bachelors,"$43,900","$75,600% ",-
Computer Aided Design (CAD),Bachelors,"$46,500","$75,500% ",-
Computer Art,Bachelors,"$41,200","$75,500% ",30%
Administration,Bachelors,"$43,100","$75,400% ",56%
Forestry,Bachelors,"$44,700","$75,400% ",66%
Urban Studies,Bachelors,"$48,600","$75,300% ",56%
Business Law,Bachelors,"$51,100","$75,100% ",44%
Radio/Television & Film Production,Bachelors,"$42,800","$75,000% ",39%
Digital Design,Bachelors,"$48,200","$74,800% ",38%
Forensic Science,Bachelors,"$43,800","$74,800% ",62%
Geosciences,Bachelors,"$46,600","$74,800% ",63%
Logistics Management,Bachelors,"$52,800","$74,800% ",47%
Ecology,Bachelors,"$43,500","$74,700% ",53%
English & History,Bachelors,"$43,600","$74,700% ",48%
English Language & Literature,Bachelors,"$43,900","$74,700% ",44%
American Sign Language Interpreting,Bachelors,"$42,500","$74,600% ",85%
Homeland Security,Bachelors,"$46,800","$74,600% ",71%
Zoology,Bachelors,"$40,300","$74,600% ",67%
English Language,Bachelors,"$42,100","$74,500% ",47%
Human Resources Management (HRM),Bachelors,"$45,300","$74,400% ",55%
Technical Writing,Bachelors,"$52,000","$74,300% ",45%
Automotive Technology & Service Management,Bachelors,"$45,400","$74,300% ",36%
Business Technology,Bachelors,"$49,800","$74,100% ",45%
Mass Communication,Bachelors,"$42,700","$74,100% ",44%
Health Sciences,Bachelors,"$42,400","$74,000% ",70%
Organizational Leadership,Bachelors,"$47,400","$74,000% ",56%
Musicology,Bachelors,"$38,100","$73,900% ",-
Spanish Language,Bachelors,"$44,900","$73,600% ",53%
Historic Preservation,Bachelors,"$41,300","$73,500% ",52%
Music Technology,Bachelors,"$42,900","$73,500% ",38%
Organizational Leadership & Supervision,Bachelors,"$46,400","$73,500% ",50%
Human Nutrition,Bachelors,"$45,500","$73,400% ",84%
Spanish Language Teacher Education,Bachelors,"$43,900","$73,400% ",-
Botany,Bachelors,"$40,300","$73,300% ",72%
Apparel Merchandising,Bachelors,"$45,400","$73,200% ",35%
Environmental Health Science,Bachelors,"$51,400","$73,100% ",64%
Media & Technology,Bachelors,"$41,400","$73,100% ",48%
Public Administration,Bachelors,"$44,200","$73,100% ",58%
Liberal Arts,Bachelors,"$42,500","$73,000% ",53%
Merchandising,Bachelors,"$50,500","$73,000% ",30%
Environmental Resource Management,Bachelors,"$45,700","$72,900% ",62%
Computer Aided Drafting & Design (CADD),Bachelors,"$46,800","$72,800% ",54%
Forestry Management,Bachelors,"$44,300","$72,800% ",73%
German Language & Literature,Bachelors,"$46,100","$72,700% ",48%
Electronics & Computer Technology,Bachelors,"$51,700","$72,700% ",-
Administrative Management,Bachelors,"$50,100","$72,600% ",50%
Cardiopulmonary Science,Bachelors,"$45,800","$72,600% ",89%
3D Animation,Bachelors,"$49,400","$72,500% ",44%
Ethnic Studies,Bachelors,"$44,900","$72,300% ",62%
Adult Education & Training,Bachelors,"$46,200","$72,200% ",79%
Health Administration,Bachelors,"$40,700","$72,200% ",69%
Agricultural Communication,Bachelors,"$42,600","$72,100% ",51%
Organizational Management,Bachelors,"$46,900","$72,100% ",57%
Multimedia,Bachelors,"$42,800","$72,000% ",42%
Communication Design,Bachelors,"$48,700","$71,900% ",34%
Radiologic Science,Bachelors,"$54,900","$71,800% ",81%
Exercise Physiology,Bachelors,"$41,600","$71,700% ",78%
Criminal Justice Administration,Bachelors,"$43,700","$71,600% ",55%
Natural Resource Management,Bachelors,"$43,800","$71,500% ",60%
Diagnostic Medical Imaging,Bachelors,"$57,900","$71,400% ",74%
Earth Science,Bachelors,"$48,200","$71,400% ",50%
Hotel & Restaurant Management,Bachelors,"$44,600","$71,400% ",48%
Radiology,Bachelors,"$51,600","$71,300% ",84%
Art History,Bachelors,"$44,400","$71,200% ",46%
Hospital Management,Bachelors,"$48,500","$71,200% ",34%
Retail Management,Bachelors,"$45,700","$71,200% ",37%
English & Psychology,Bachelors,"$41,100","$71,100% ",47%
Human Resources (HR),Bachelors,"$44,800","$71,100% ",54%
Management & Organization,Bachelors,"$53,900","$71,100% ",68%
Painting & Printmaking,Bachelors,"$32,800","$71,100% ",41%
Visual Effects & Motion Graphics,Bachelors,"$47,400","$71,100% ",43%
Medical Laboratory Technology,Bachelors,"$54,100","$71,000% ",82%
Fashion Merchandising,Bachelors,"$44,100","$71,000% ",30%
Multimedia & Web Design,Bachelors,"$47,500","$70,900% ",34%
Advertising & Graphic Design,Bachelors,"$44,600","$70,800% ",37%
Anthropology,Bachelors,"$43,500","$70,800% ",46%
Broadcast Communication,Bachelors,"$37,900","$70,800% ",48%
Communication Management,Bachelors,"$42,500","$70,800% ",37%
Health Care Administration,Bachelors,"$43,600","$70,800% ",70%
Natural Resources,Bachelors,"$44,900","$70,700% ",66%
Psychology,Bachelors,"$42,000","$70,700% ",56%
Visual Communications,Bachelors,"$43,000","$70,700% ",37%
Applied Behavior Analysis,Bachelors,"$36,900","$70,600% ",-
Travel Industry Management,Bachelors,"$51,800","$70,600% ",-
Humanities,Bachelors,"$43,800","$70,500% ",48%
Sociology & Anthropology,Bachelors,"$41,900","$70,500% ",48%
Communication Arts,Bachelors,"$40,400","$70,500% ",41%
Creative Writing,Bachelors,"$42,800","$70,400% ",43%
Anthropology & English,Bachelors,"$44,900","$70,300% ",58%
Modern Languages,Bachelors,"$48,600","$70,300% ",52%
Health Care Management,Bachelors,"$44,000","$70,200% ",71%
Health Teacher Education,Bachelors,"$35,500","$70,200% ",52%
Radiologic Technology,Bachelors,"$52,100","$70,200% ",82%
Health & Fitness,Bachelors,"$38,000","$70,100% ",67%
Animal Science & Management,Bachelors,"$42,100","$70,000% ",54%
Criminology,Bachelors,"$42,400","$70,000% ",54%
Hospitality Management,Bachelors,"$43,600","$70,000% ",43%
Art Administration,Bachelors,"$36,800","$70,000% ",58%
Human Relations,Bachelors,"$41,100","$70,000% ",62%
Health Information Management,Bachelors,"$46,200","$69,900% ",69%
Medical Laboratory Science,Bachelors,"$53,000","$69,900% ",84%
Liberal Studies,Bachelors,"$42,300","$69,800% ",57%
Secondary & Middle School Mathematics Teacher Education,Bachelors,"$43,100","$69,800% ",71%
Fashion Design & Marketing,Bachelors,"$42,200","$69,700% ",39%
Art & Design,Bachelors,"$42,400","$69,600% ",39%
Physical Anthropology,Bachelors,"$49,300","$69,600% ",39%
Sports Management,Bachelors,"$42,900","$69,600% ",43%
Life Sciences,Bachelors,"$51,900","$69,400% ",59%
Respiratory Care,Bachelors,"$52,300","$69,200% ",84%
Audio Engineering,Bachelors,"$45,900","$69,100% ",37%
Social & Criminal Justice,Bachelors,"$42,300","$69,100% ",58%
Child Psychology,Bachelors,"$37,100","$68,900% ",64%
Interior Design,Bachelors,"$42,400","$68,900% ",50%
Small Business Management,Bachelors,"$43,900","$68,900% ",40%
Turfgrass Management,Bachelors,"$47,700","$68,900% ",49%
Medical Technology,Bachelors,"$53,300","$68,800% ",80%
Religious Studies,Bachelors,"$41,000","$68,800% ",57%
Hotel & Restaurant Tourism,Bachelors,"$42,500","$68,700% ",46%
Sociology,Bachelors,"$43,700","$68,600% ",54%
Arts & Science,Bachelors,"$43,900","$68,500% ",68%
Secondary Education,Bachelors,"$42,700","$68,500% ",62%
Speech Pathology & Audiology,Bachelors,"$41,500","$68,500% ",77%
Theater,Bachelors,"$42,400","$68,400% ",48%
Archaeology,Bachelors,"$43,900","$68,300% ",45%
Illustration,Bachelors,"$42,900","$68,300% ",36%
Radiography,Bachelors,"$52,700","$68,300% ",82%
Media Arts,Bachelors,"$44,000","$68,200% ",39%
Clinical Laboratory Science,Bachelors,"$52,400","$68,100% ",83%
Graphics Technology & Management,Bachelors,"$38,800","$68,100% ",36%
Psychology & Social Behavior,Bachelors,"$44,100","$68,100% ",56%
Health Management,Bachelors,"$42,000","$68,000% ",68%
Media Communication,Bachelors,"$44,300","$68,000% ",42%
Mass Media,Bachelors,"$38,100","$67,900% ",46%
Nutrition,Bachelors,"$45,100","$67,900% ",68%
Performing Arts,Bachelors,"$42,900","$67,800% ",52%
SocialStudies,Bachelors,"$43,700","$67,700% ",57%
Italian Language,Bachelors,"$47,800","$67,600% ",40%
Social Studies,Bachelors,"$44,100","$67,500% ",61%
Commercial Photography,Bachelors,"$42,000","$67,300% ",23%
Radio & Television,Bachelors,"$40,800","$67,200% ",40%
Respiratory Therapy,Bachelors,"$52,300","$67,200% ",82%
Art Therapy,Bachelors,"$39,200","$67,100% ",81%
Biological Anthropology,Bachelors,"$41,900","$67,100% ",44%
Drafting & Design,Bachelors,"$48,900","$66,800% ",59%
Geomatics,Bachelors,"$49,000","$66,800% ",65%
Clinical Nutrition,Bachelors,"$47,600","$66,700% ",73%
Horticulture & Agronomy,Bachelors,"$46,400","$66,700% ",58%
Graphic Communication,Bachelors,"$44,700","$66,600% ",29%
Plant Sciences,Bachelors,"$45,800","$66,600% ",60%
Kinesiology,Bachelors,"$42,100","$66,600% ",66%
Fire Science,Bachelors,"$47,200","$66,600% ",71%
Fashion Marketing & Management,Bachelors,"$45,200","$66,500% ",30%
Music,Bachelors,"$41,800","$66,500% ",54%
Nutrition & Dietetics,Bachelors,"$48,500","$66,500% ",72%
Health,Bachelors,"$41,900","$66,400% ",73%
Legal Studies,Bachelors,"$44,400","$66,400% ",49%
Criminal Justice,Bachelors,"$40,600","$66,300% ",56%
Wildlife & Fisheries Science,Bachelors,"$38,300","$66,300% ",59%
Forensic Psychology,Bachelors,"$40,800","$66,200% ",52%
Graphic Design,Bachelors,"$42,600","$65,800% ",37%
Dramatic Art,Bachelors,"$38,900","$65,700% ",-
Hospitality & Tourism,Bachelors,"$41,500","$65,600% ",41%
Religion,Bachelors,"$41,100","$65,600% ",62%
Pre-Veterinary Medicine,Bachelors,"$37,600","$65,600% ",72%
Sports Medicine,Bachelors,"$45,700","$65,400% ",74%
Women's Studies,Bachelors,"$42,700","$65,400% ",59%
Fine Arts,Bachelors,"$40,400","$65,300% ",45%
Public Health (PH),Bachelors,"$43,400","$65,300% ",70%
Modern Language Spanish,Bachelors,"$41,100","$65,200% ",51%
Museum Studies,Bachelors,"$37,600","$65,200% ",47%
Business Leadership,Bachelors,"$47,700","$65,100% ",46%
Dietetics,Bachelors,"$48,700","$65,100% ",75%
Forensic Accounting,Bachelors,"$44,200","$65,100% ",39%
Landscape Management,Bachelors,"$49,300","$65,100% ",-
Speech-Language Pathology,Bachelors,"$41,700","$65,100% ",70%
Animal Science,Bachelors,"$39,000","$64,900% ",64%
Family & Consumer Science,Bachelors,"$40,500","$64,900% ",57%
Drawing & Painting,Bachelors,"$40,600","$64,500% ",48%
Music Industry,Bachelors,"$44,400","$64,500% ",38%
Technical Theatre,Bachelors,"$39,100","$64,500% ",41%
Foods & Nutrition,Bachelors,"$45,000","$64,400% ",70%
Physical Therapist Assistant Studies,Bachelors,"$49,100","$64,400% ",85%
Recreation Management,Bachelors,"$40,300","$64,400% ",58%
Interdisciplinary Studies (IS),Bachelors,"$42,200","$64,200% ",56%
Education,Bachelors,"$41,800","$64,100% ",67%
Applied Linguistics,Bachelors,"$44,100","$64,000% ",40%
Applied Sociology,Bachelors,"$40,100","$63,800% ",57%
Business & Healthcare Management,Bachelors,"$44,700","$63,800% ",67%
Music Composition,Bachelors,"$42,300","$63,700% ",51%
Physical Education & Exercise Science,Bachelors,"$41,000","$63,700% ",78%
Behavioral Science,Bachelors,"$40,400","$63,500% ",61%
Psychology & Sociology,Bachelors,"$40,600","$63,400% ",52%
General Studies,Bachelors,"$41,200","$63,300% ",53%
Culinary Arts & Culinary Management,Bachelors,"$36,100","$63,200% ",51%
Theatre Arts,Bachelors,"$40,900","$63,200% ",49%
Technology Teacher Education,Bachelors,"$46,400","$63,100% ",47%
Art,Bachelors,"$40,600","$63,000% ",46%
Textiles & Clothing,Bachelors,"$42,900","$63,000% ",46%
Video Production,Bachelors,"$42,800","$62,800% ",38%
Training and Development,Bachelors,"$50,200","$62,500% ",-
Theology,Bachelors,"$39,300","$62,300% ",69%
Restaurant & Food Service Management,Bachelors,"$41,500","$62,300% ",45%
Missions,Bachelors,"$41,400","$62,200% ",-
Event Management,Bachelors,"$39,500","$62,100% ",42%
Clinical Psychology,Bachelors,"$40,900","$62,000% ",66%
Developmental Psychology,Bachelors,"$31,000","$62,000% ",-
Physical Education Teaching,Bachelors,"$39,600","$62,000% ",71%
Theatre,Bachelors,"$39,700","$62,000% ",48%
Sports Administration,Bachelors,"$41,200","$61,900% ",53%
Drawing,Bachelors,"$36,400","$61,800% ",35%
Health & Exercise Science,Bachelors,"$40,100","$61,800% ",67%
Agricultural Teacher Education,Bachelors,"$51,000","$61,700% ",53%
Graphic Arts,Bachelors,"$41,100","$61,600% ",39%
New Media,Bachelors,"$44,700","$61,600% ",32%
Health Services Administration,Bachelors,"$40,800","$61,500% ",64%
Interior Design & Merchandising,Bachelors,"$40,800","$61,400% ",38%
Exercise Science,Bachelors,"$38,900","$61,300% ",73%
Electronic Media,Bachelors,"$43,700","$61,200% ",38%
Exercise & Sports Science,Bachelors,"$40,400","$61,200% ",70%
Psychiatry,Bachelors,"$54,700","$61,200% ",-
Supervision & Management,Bachelors,"$39,400","$61,200% ",57%
African American & African Studies,Bachelors,"$43,600","$61,100% ",61%
Culture Studies,Bachelors,"$44,800","$61,000% ",41%
Printmaking,Bachelors,"$36,800","$61,000% ",41%
Secondary English Teacher Education,Bachelors,"$40,000","$61,000% ",67%
Community Health Education,Bachelors,"$40,200","$60,900% ",75%
Culinary Arts,Bachelors,"$36,700","$60,900% ",46%
Wildlife Management,Bachelors,"$37,800","$60,800% ",49%
Psychology & Philosophy,Bachelors,"$45,400","$60,800% ",40%
Mortuary Science,Bachelors,"$40,600","$60,700% ",81%
Paralegal Studies,Bachelors,"$37,700","$60,600% ",51%
Health Studies,Bachelors,"$40,600","$60,500% ",65%
Social Psychology,Bachelors,"$44,400","$60,500% ",55%
Health Services Management,Bachelors,"$39,300","$60,400% ",83%
Emergency Medical Services (EMS),Bachelors,"$41,600","$60,300% ",-
Recording Arts,Bachelors,"$40,500","$60,300% ",44%
English Teacher Education,Bachelors,"$41,300","$60,200% ",56%
Social Science Teacher Education,Bachelors,"$42,100","$60,200% ",-
Social Studies Teacher Education,Bachelors,"$42,400","$60,200% ",65%
Music Teacher Education,Bachelors,"$39,100","$60,000% ",66%
Photography,Bachelors,"$41,500","$60,000% ",38%
Teaching English as a Second Language (ESL),Bachelors,"$41,600","$59,900% ",75%
Health & Physical Education Teaching,Bachelors,"$37,000","$59,900% ",64%
Human Development,Bachelors,"$40,700","$59,700% ",65%
Painting,Bachelors,"$38,700","$59,700% ",44%
Radio Broadcasting,Bachelors,"$43,200","$59,700% ",-
Recreational Studies,Bachelors,"$40,500","$59,700% ",68%
Speech Pathology,Bachelors,"$40,500","$59,500% ",70%
Recreation Administration,Bachelors,"$45,000","$59,400% ",70%
Dance,Bachelors,"$42,600","$59,200% ",61%
Recreation & Leisure Studies,Bachelors,"$38,800","$59,100% ",63%
Arts Management,Bachelors,"$37,400","$59,000% ",44%
University Studies,Bachelors,"$40,000","$59,000% ",51%
Photojournalism,Bachelors,"$39,700","$59,000% ",66%
Organizational Administration,Bachelors,"$42,900","$58,900% ",-
Health & Medical Services Administration,Bachelors,"$37,900","$58,800% ",83%
Tourism Management,Bachelors,"$40,600","$58,800% ",38%
Communicative Disorders,Bachelors,"$45,200","$58,800% ",73%
Sculpture,Bachelors,"$38,400","$58,700% ",44%
Consumer Affairs,Bachelors,"$49,200","$58,600% ",48%
Social Services,Bachelors,"$38,000","$58,600% ",80%
Community Health,Bachelors,"$42,900","$58,500% ",69%
Justice Studies,Bachelors,"$43,300","$58,500% ",50%
Landscape Design,Bachelors,"$48,900","$58,500% ",65%
Horticulture,Bachelors,"$41,300","$57,800% ",60%
Wildlife Biology,Bachelors,"$41,000","$57,800% ",59%
Gender Studies,Bachelors,"$43,100","$57,700% ",55%
Nonprofit Management,Bachelors,"$40,400","$57,200% ",77%
Athletic Training,Bachelors,"$39,700","$57,000% ",76%
Human Development & Family Studies,Bachelors,"$38,300","$56,800% ",66%
Biblical Studies,Bachelors,"$38,700","$56,700% ",73%
Health Promotion,Bachelors,"$40,000","$56,700% ",69%
Home Economics,Bachelors,"$38,200","$56,500% ",65%
Theatre Studies,Bachelors,"$43,100","$56,500% ",51%
Teaching,Bachelors,"$39,600","$56,400% ",72%
Counseling Psychology,Bachelors,"$39,200","$56,200% ",65%
Health & Human Performance,Bachelors,"$36,200","$56,200% ",69%
Library & Information Science,Bachelors,"$44,700","$56,000% ",54%
Art Teacher Education,Bachelors,"$37,500","$55,900% ",62%
Hospitality & The Culinary Arts,Bachelors,"$37,400","$55,900% ",-
Musical Theatre,Bachelors,"$41,800","$55,900% ",46%
Clinical Social Work (CSW),Bachelors,"$41,700","$55,800% ",-
Biblical Studies & Practical Ministries,Bachelors,"$35,100","$55,700% ",78%
Rehabilitation Services,Bachelors,"$34,100","$55,700% ",79%
Parks & Recreation Management,Bachelors,"$40,600","$55,600% ",57%
Pastoral Ministry,Bachelors,"$37,300","$55,600% ",84%
Legal Assistant Studies,Bachelors,"$36,400","$55,500% ",39%
Applied Management,Bachelors,"$43,600","$55,400% ",-
Social Welfare,Bachelors,"$44,900","$55,300% ",71%
Tourism & Travel,Bachelors,"$40,600","$55,300% ",40%
Vocal Performance,Bachelors,"$38,900","$55,300% ",65%
Audio Production,Bachelors,"$43,700","$54,700% ",37%
Bible Studies & Theology,Bachelors,"$38,100","$54,700% ",66%
Church Ministries,Bachelors,"$38,100","$54,600% ",82%
Family Studies,Bachelors,"$35,900","$54,500% ",71%
Special Education,Bachelors,"$39,200","$54,500% ",78%
Ceramics,Bachelors,"$39,900","$54,400% ",48%
Communication Sciences & Disorders,Bachelors,"$40,900","$54,400% ",76%
Family & Community Services,Bachelors,"$38,500","$54,400% ",74%
Speech & Hearing,Bachelors,"$41,400","$54,300% ",79%
Community Development,Bachelors,"$42,100","$53,900% ",65%
Health and Human Services,Bachelors,"$41,500","$53,700% ",66%
Office Management,Bachelors,"$37,800","$53,400% ",50%
Psychology & Human Services,Bachelors,"$35,000","$53,300% ",78%
History Teacher Education,Bachelors,"$45,400","$53,000% ",45%
Youth Ministry,Bachelors,"$35,300","$52,300% ",82%
Therapeutic Recreation,Bachelors,"$37,700","$52,300% ",82%
Community & Human Services,Bachelors,"$40,500","$52,100% ",78%
Christian Ministry,Bachelors,"$35,500","$52,000% ",80%
Elementary Education,Bachelors,"$37,700","$51,600% ",71%
Social Work (SW),Bachelors,"$36,600","$51,600% ",77%
Office Administration,Bachelors,"$38,200","$51,200% ",61%
Voice & Opera,Bachelors,"$32,900","$50,800% ",61%
Elementary Teaching,Bachelors,"$34,400","$50,700% ",76%
Human Services (HS),Bachelors,"$36,600","$50,700% ",70%
Baking & Pastry Arts,Bachelors,"$36,000","$50,600% ",47%
Human Services Management,Bachelors,"$43,500","$50,500% ",-
Counseling,Bachelors,"$37,100","$49,300% ",78%
Recreational Therapy,Bachelors,"$36,400","$49,200% ",82%
Child Development,Bachelors,"$35,500","$49,100% ",76%
Middle School Education,Bachelors,"$39,000","$48,300% ",73%
Educational Psychology,Bachelors,"$34,600","$47,600% ",-
Early Childhood & Elementary Education,Bachelors,"$36,200","$46,500% ",78%
Rehabilitation Counseling,Bachelors,"$38,000","$46,100% ",-
Addiction Studies,Bachelors,"$36,300","$44,800% ",83%
Outdoor Education,Bachelors,"$35,800","$44,200% ",57%
Child & Family Studies,Bachelors,"$34,100","$43,600% ",74%
Early Childhood Education,Bachelors,"$34,100","$43,300% ",78%
Mental Health,Bachelors,"$35,200","$42,500% ",-
Medical Assisting,Bachelors,"$35,100","$42,300% ",-
Addictions Counseling,Bachelors,"$38,800","$42,200% ",-
Metalsmithing,Bachelors,"$38,300","$38,400% ",32%
